Workbook

Sheet Results
A1: Resume | B1: Persona | C1: Experience | D1: Crew | E1: Searches | F1: Delegations | G1: Search queries | H1: Selected job | I1: Company | J1: Location | K1: Title match (0-2) | L1: Level match (0-2) | M1: Real employer (0-1) | N1: Link counted (1 = live or sign-in, 0 = offline) | O1: Score before link (max 5) | P1: Good match | Q1: Level evidence | R1: Notes | S1: Apply link (from the run log) | T1: Link status (pick one)
A2: 01 | B2: Entry-level data analyst | C2: 8 months | D2: Sequential | E2: 1 | F2: 0 | G2: entry-level data analyst | H2: Remote Data Analyst I | I2: eSimplicity | J2: Anywhere | K2: 2 | L2: 2 | M2: 1 | N2: =IF(T2="","",IF(T2="Offline",0,1)) | O2: =K2+L2+M2 -> 5 | P2: =IF(O2>=Summary!$B$3,"Yes","No") -> Yes | Q2: Title: Analyst I | R2: Real government-services employer | S2: Open link
A3: 01 | B3: Entry-level data analyst | C3: 8 months | D3: Hierarchical | E3: 1 | F3: 0 | G3: junior data analyst | H3: Services Analytics Graduate Intern | I3: Dell, Inc. | J3: Round Rock, TX | K3: 1 | L3: 1 | M3: 1 | N3: =IF(T3="","",IF(T3="Offline",0,1)) | O3: =K3+L3+M3 -> 3 | P3: =IF(O3>=Summary!$B$3,"Yes","No") -> No | Q3: Title: graduate intern (one level below) | R3: Intern role for a candidate with 8 months of experience | S3: Open link
A4: 02 | B4: BI analyst | C4: 3 years | D4: Sequential | E4: 2 | F4: 0 | G4: mid-level business intelligence analyst; Business Intelligence Analyst mid level | H4: Hybrid BI Analyst: Power BI & SQL Data Strategy | I4: Global Connections To Employment, Inc. | J4: (not captured) | K4: 2 | L4: 1 | M4: 0 | N4: =IF(T4="","",IF(T4="Offline",0,1)) | O4: =K4+L4+M4 -> 3 | P4: =IF(O4>=Summary!$B$3,"Yes","No") -> No | Q4: Unverified | R4: Skills match exactly; employer looks like a staffing firm | S4: Open link
A5: 02 | B5: BI analyst | C5: 3 years | D5: Hierarchical | E5: 1 | F5: 1 | G5: Business Intelligence Analyst | H5: Business Intelligence Analyst | I5: Robert Half | J5: Saddle Brook, NJ | K5: 2 | L5: 1 | M5: 0 | N5: =IF(T5="","",IF(T5="Offline",0,1)) | O5: =K5+L5+M5 -> 3 | P5: =IF(O5>=Summary!$B$3,"Yes","No") -> No | Q5: Posting: entry-level opportunity | R5: Staffing agency; entry-level posting for a 3-year candidate | S5: Open link
A6: 03 | B6: Digital marketing analyst | C6: 1 year | D6: Sequential | E6: 3 | F6: 0 | G6: junior digital marketing analyst (x2); junior digital marketing analyst remote | H6: Paid Media Analyst | I6: SupplyHouse.com | J6: Anywhere | K6: 2 | L6: 1 | M6: 1 | N6: =IF(T6="","",IF(T6="Offline",0,1)) | O6: =K6+L6+M6 -> 4 | P6: =IF(O6>=Summary!$B$3,"Yes","No") -> Yes | Q6: Unverified (word 'junior' in results) | R6: Rerun file 03_1; the original run made 2 searches and chose the same job | S6: Open link
A7: 03 | B7: Digital marketing analyst | C7: 1 year | D7: Hierarchical | E7: 4 | F7: 0 | G7: junior digital marketing analyst (x2); ... 2024; ... remote | H7: Paid Media Analyst | I7: SupplyHouse.com | J7: Anywhere | K7: 2 | L7: 1 | M7: 1 | N7: =IF(T7="","",IF(T7="Offline",0,1)) | O7: =K7+L7+M7 -> 4 | P7: =IF(O7>=Summary!$B$3,"Yes","No") -> Yes | Q7: Unverified | R7: First attempt did not finish (no search, no email); rerun succeeded | S7: Open link
A8: 04 | B8: Backend software engineer | C8: 4 years | D8: Sequential | E8: 1 | F8: 0 | G8: mid-level backend software engineer | H8: Mid-Level Application Developer | I8: Rebel Talent Systems | J8: Tulsa, OK | K8: 1 | L8: 2 | M8: 0 | N8: =IF(T8="","",IF(T8="Offline",0,1)) | O8: =K8+L8+M8 -> 3 | P8: =IF(O8>=Summary!$B$3,"Yes","No") -> No | Q8: Title: mid-level | R8: Application developer for government clients; employer looks like a staffing firm (unverified) | S8: Open link
A9: 04 | B9: Backend software engineer | C9: 4 years | D9: Hierarchical | E9: 3 | F9: 0 | G9: mid-level backend software engineer; ... Java; mid level backend engineer Java Spring Boot PostgreSQL AWS | H9: Java Backend Developer (W2 Citizens Only) | I9: Learn Beyond Consulting LLC | J9: (not captured) | K9: 2 | L9: 1 | M9: 0 | N9: =IF(T9="","",IF(T9="Offline",0,1)) | O9: =K9+L9+M9 -> 3 | P9: =IF(O9>=Summary!$B$3,"Yes","No") -> No | Q9: Unverified | R9: US-only W2 posting from a consultancy | S9: Open link
A10: 05 | B10: Frontend developer | C10: 2 years | D10: Sequential | E10: 2 | F10: 0 | G10: junior front-end developer; junior front end developer | H10: Junior Web Developer | I10: Nexus Digital Solutions | J10: Henderson, NV | K10: 2 | L10: 2 | M10: 0 | N10: =IF(T10="","",IF(T10="Offline",0,1)) | O10: =K10+L10+M10 -> 4 | P10: =IF(O10>=Summary!$B$3,"Yes","No") -> Yes | Q10: Title: junior | R10: Generic advert wording; employer unverified | S10: Open link
A11: 05 | B11: Frontend developer | C11: 2 years | D11: Hierarchical | E11: 5 | F11: 1 | G11: junior frontend developer (x2); frontend developer junior; ... remote 2024; ... remote | H11: Junior Frontend Engineer - Remote (React/TypeScript) | I11: MasterBorn | J11: Anywhere | K11: 2 | L11: 2 | M11: 1 | N11: =IF(T11="","",IF(T11="Offline",0,1)) | O11: =K11+L11+M11 -> 5 | P11: =IF(O11>=Summary!$B$3,"Yes","No") -> Yes | Q11: Title: junior | R11: Strongest pick of the set; 2 of the 5 searches ran through a delegated search agent | S11: Open link
A12: 06 | B12: Financial analyst | C12: 2 years | D12: Sequential | E12: 1 | F12: 0 | G12: junior financial analyst | H12: Finance FP&A Intern: Variable Pay & Data Analytics | I12: Spring Venture Group | J12: Kansas City, MO | K12: 2 | L12: 1 | M12: 1 | N12: =IF(T12="","",IF(T12="Offline",0,1)) | O12: =K12+L12+M12 -> 4 | P12: =IF(O12>=Summary!$B$3,"Yes","No") -> Yes | Q12: Posting: intern / junior / entry level | R12: Intern role for a 2-year analyst; the query said 'junior' | S12: Open link
A13: 06 | B13: Financial analyst | C13: 2 years | D13: Hierarchical | E13: 1 | F13: 0 | G13: junior financial analyst | H13: Finance FP&A Intern: Variable Pay & Data Analytics | I13: Spring Venture Group | J13: Kansas City, MO | K13: 2 | L13: 1 | M13: 1 | N13: =IF(T13="","",IF(T13="Offline",0,1)) | O13: =K13+L13+M13 -> 4 | P13: =IF(O13>=Summary!$B$3,"Yes","No") -> Yes | Q13: Posting: intern / junior / entry level | R13: Same pick as the sequential crew | S13: Open link
... A21: 10 | B21: Junior data scientist | C21: 6 months | D21: Hierarchical | E21: 1 | F21: 0 | G21: junior data scientist | H21: Junior Data Scientist | I21: Lentech | J21: Maryland | K21: 2 | L21: 2 | M21: 1 | N21: =IF(T21="","",IF(T21="Offline",0,1)) | O21: =K21+L21+M21 -> 5 | P21: =IF(O21>=Summary!$B$3,"Yes","No") -> Yes | Q21: Posting: junior; asks 1+ years | R21: The first attempt for resume 10 failed with a JSON parse error; the rerun completed | S21: Open link

Sheet Summary
A1: Job crew evaluation: 10 synthetic resumes, 20 crew runs
A3: Good-match threshold (score before link, out of 5) | B3: 4
A5: Crew | B5: Runs | C5: Good matches | D5: Match rate | E5: Average score (of 5) | F5: Average searches per run
A6: Sequential | B6: =COUNTIF(Results!$D$2:$D$21,A6) -> 10 | C6: =COUNTIFS(Results!$D$2:$D$21,A6,Results!$P$2:$P$21,"Yes") -> 8 | D6: =C6/B6 -> 0.8 | E6: =AVERAGEIF(Results!$D$2:$D$21,A6,Results!$O$2:$O$21) -> 4 | F6: =AVERAGEIF(Results!$D$2:$D$21,A6,Results!$E$2:$E$21) -> 1.4
A7: Hierarchical | B7: =COUNTIF(Results!$D$2:$D$21,A7) -> 10 | C7: =COUNTIFS(Results!$D$2:$D$21,A7,Results!$P$2:$P$21,"Yes") -> 5 | D7: =C7/B7 -> 0.5 | E7: =AVERAGEIF(Results!$D$2:$D$21,A7,Results!$O$2:$O$21) -> 3.6 | F7: =AVERAGEIF(Results!$D$2:$D$21,A7,Results!$E$2:$E$21) -> 1.9
A8: Both crews | B8: =SUM(B6:B7) -> 20 | C8: =SUM(C6:C7) -> 13 | D8: =C8/B8 -> 0.65 | E8: =AVERAGE(Results!$O$2:$O$21) -> 3.8 | F8: =AVERAGE(Results!$E$2:$E$21) -> 1.65
A10: Apply links checked (choose a status in column T of the Results sheet) | B10: =COUNTA(Results!$T$2:$T$21) -> 0 | C10: ="of "&B8 -> of 20
A11: Link status: live | B11: =COUNTIF(Results!$T$2:$T$21,"Live") -> 0
A12: Link status: sign-in needed (posting exists, viewing gated) | B12: =COUNTIF(Results!$T$2:$T$21,"Sign-in needed") -> 0
A13: Link status: offline (posting removed or expired) | B13: =COUNTIF(Results!$T$2:$T$21,"Offline") -> 0
A14: Share of checked links still pointing to a posting | B14: =IF(B10=0,"n/a",(B11+B12)/B10) -> n/a
A15: Average score including the link point (checked rows only) | B15: =IF(B10=0,"n/a",SUMPRODUCT((Results!$T$2:$T$21<>"")*(Results!$O$2:$O$21+(Results!$T$2:$T$21<>"Offline")))/B10) -> n/a
A17: How to read this workbook
A18: Results sheet: one row per crew run. Blue cells are my manual judgments or counts taken from the run logs; black cells are formulas.
A19: Yellow cells are for you to fill: Link status (Live, Sign-in needed or Offline) on the Results sheet, and the threshold above. Column N turns the status into a point: 1 for Live or Sign-in needed, 0 for Offline.
A20: Title match: 2 = same role as the resume's target, 1 = adjacent role, 0 = unrelated.
A21: Level match: 2 = right level, 1 = one level off, 0 = far off. Where the Level evidence column says Unverified, I scored 1 until the posting is read.
A22: Real employer: 1 = named employer with a real description, 0 = staffing, training or generic advert, or a company name that does not fit the role.
A23: Good match = score before link of at least the threshold. The link point is not included until you fill column N.
A24: Scores were assigned from the chosen job's title, company, location and any level wording in the run logs, not from reading every posting in full.
A25: Search and delegation counts come from the tool-call logs (job_search and delegate_work_to_coworker events).
A26: Resume 03 hierarchical and resume 10 each failed once on the first attempt; the rows show the rerun result.
A27: Sample size is 10 resumes and 20 runs, so the numbers describe behaviour and are not an accuracy estimate.
A28: Apply links were taken from the run logs, one for each chosen job, so no rerun is needed. Click a link, then choose its status in column T. Offline postings are partly a timing effect: aggregator listings expire, so a link can be dead days after the run.
A29: Many links point to job-board aggregators. The link for resume 05 (sequential) goes to an unfamiliar aggregator site, so treat that listing with caution.
